"old_id","action_timestamp","user_name","action_name","old_state","new_state"
"ECHOL00000013","1/3/2022 13:15","engineer","Submit","no_value","Submitted"
"ECHOL00000013","1/8/2022 15:30","engineer","Backlog","Submitted","Backlog"
"ECHOL00000013","1/9/2022 13:05","engineer","Start","Backlog","Active"
"ECHOL00000014","1/4/2022 14:44","engineer","Submit","no_value","Submitted"
"ECHOL00000014","1/9/2022 11:38","engineer","Backlog","Submitted","Backlog"
"ECHOL00000014","1/14/2022 14:36","engineer","Start","Backlog","Active"
"ECHOL00000015","1/2/2022 14:07","engineer","Submit","no_value","Submitted"
"ECHOL00000015","1/7/2022 13:37","engineer","Backlog","Submitted","Backlog"
"ECHOL00000016","1/4/2022 14:29","engineer","Submit","no_value","Submitted"
"ECHOL00000016","1/6/2022 16:17","engineer","Backlog","Submitted","Backlog"
"ECHOL00000017","1/3/2022 14:42","engineer","Submit","no_value","Submitted"
"ECHOL00000017","1/8/2022 10:14","engineer","Backlog","Submitted","Backlog"
"ECHOL00000018","1/4/2022 16:00","engineer","Submit","no_value","Submitted"
"ECHOL00000018","1/6/2022 10:47","engineer","Backlog","Submitted","Backlog"
"ECHOL00000019","1/4/2022 15:04","engineer","Submit","no_value","Submitted"
"ECHOL00000020","1/3/2022 14:42","engineer","Submit","no_value","Submitted"
"ECHOL00000020","1/7/2022 12:32","engineer","Backlog","Submitted","Backlog"
"ECHOL00000021","1/2/2022 11:48","engineer","Submit","no_value","Submitted"
"ECHOL00000021","1/6/2022 15:25","engineer","Backlog","Submitted","Backlog"
"ECHOL00000022","1/3/2022 12:28","engineer","Submit","no_value","Submitted"
"ECHOL00000022","1/7/2022 16:04","engineer","Backlog","Submitted","Backlog"
"ECHOL00000023","1/4/2022 15:07","engineer","Submit","no_value","Submitted"
"ECHOL00000023","1/8/2022 16:46","engineer","Backlog","Submitted","Backlog"
"ECHOL00000024","1/5/2022 16:22","engineer","Submit","no_value","Submitted"
"ECHOL00000024","1/7/2022 11:35","engineer","Backlog","Submitted","Backlog"
"ECHOL00000024","1/10/2022 15:37","engineer","Start","Backlog","Active"
"ECHOL00000025","1/6/2022 10:56","engineer","Submit","no_value","Submitted"
"ECHOL00000025","1/11/2022 13:50","engineer","Backlog","Submitted","Backlog"
"ECHOL00000026","1/5/2022 16:07","engineer","Submit","no_value","Submitted"
"ECHOL00000026","1/7/2022 12:33","engineer","Backlog","Submitted","Backlog"
"ECHOL00000027","1/2/2022 12:11","engineer","Submit","no_value","Submitted"
"ECHOL00000028","1/4/2022 10:43","engineer","Submit","no_value","Submitted"
"ECHOL00000028","1/7/2022 14:18","engineer","Backlog","Submitted","Backlog"
"ECHOL00000028","1/12/2022 10:51","engineer","Start","Backlog","Active"
"ECHOL00000029","1/3/2022 15:37","engineer","Submit","no_value","Submitted"
"ECHOL00000029","1/4/2022 12:44","engineer","Backlog","Submitted","Backlog"
"ECHOL00000030","1/5/2022 11:42","engineer","Submit","no_value","Submitted"
"ECHOL00000030","1/6/2022 9:59","engineer","Backlog","Submitted","Backlog"
"ECHOL00000031","1/2/2022 9:42","engineer","Submit","no_value","Submitted"
"ECHOL00000031","1/7/2022 15:48","engineer","Backlog","Submitted","Backlog"
"ECHOL00000032","1/3/2022 11:16","engineer","Submit","no_value","Submitted"
"ECHOL00000033","1/5/2022 9:18","engineer","Submit","no_value","Submitted"
"ECHOL00000033","1/6/2022 10:50","engineer","Backlog","Submitted","Backlog"
"ECHOL00000034","1/6/2022 11:14","engineer","Submit","no_value","Submitted"
"ECHOL00000035","1/5/2022 9:37","engineer","Submit","no_value","Submitted"
"ECHOL00000036","1/2/2022 13:00","engineer","Submit","no_value","Submitted"
